hypothesis,role,outcome,focal,method,coef,se,df,t,p_value,ci_low,ci_high,N,G
H1 CASA baseline,benchmark,CI,z_FI_dig,conventional,0.001608965761287272,0.0003979870596732375,25.0,4.042758984697376,0.00044388536658410154,0.0007892960683933134,0.0024286354541812306,273,26
H1 CASA baseline,benchmark,CI,z_FI_dig,cluster,0.001608965761287272,0.00034988460321108916,25.0,4.598561201381489,0.00010547994564050725,0.0008883649319592448,0.002329566590615299,273,26
H1 CASA baseline,benchmark,CI,z_FI_dig,cluster_hc1,0.001608965761287272,0.00038802707971612545,25.0,4.146529573308044,0.0003397924053448663,0.0008098090310996358,0.002408122491474908,273,26
H1 CASA baseline,benchmark,CI,z_FI_dig,cr2,0.001608965761287272,0.00039459608276198334,18.206270337856854,4.0775005925686925,0.0006924377460895662,0.0007806228871377917,0.002437308635436752,273,26
H1 CASA baseline,benchmark,CI,z_FI_dig,wild_cluster_rademacher_null,0.001608965761287272,,,,0.001,,,273,26
H2 Flow baseline,primary_temporal,CI,z_FI_dig,conventional,0.00039443871556604435,0.00022407901437679012,25.0,1.7602662019156932,0.09059408751425937,-6.706065340591458e-05,0.0008559380845380032,271,26
H2 Flow baseline,primary_temporal,CI,z_FI_dig,cluster,0.00039443871556604435,0.0002700166880073338,25.0,1.4607938438061694,0.15652712037987226,-0.00016167106327181764,0.0009505484944039063,271,26
H2 Flow baseline,primary_temporal,CI,z_FI_dig,cluster_hc1,0.00039443871556604435,0.0002996551418035956,25.0,1.3163088515416606,0.20001197347371708,-0.00022271260150921604,0.0010115900326413047,271,26
H2 Flow baseline,primary_temporal,CI,z_FI_dig,cr2,0.00039443871556604435,0.0003091650074652314,5.5417073822315635,1.2758194040132527,0.2528809397394253,-0.00037748786297643014,0.0011663652941085187,271,26
H2 Flow baseline,primary_temporal,CI,z_FI_dig,wild_cluster_rademacher_null,0.00039443871556604435,,,,0.233,,,271,26
H2 Flow x Post2020,primary_temporal,CI,digxpost,conventional,-0.0022843902078299163,0.0006759685287346049,25.0,-3.3794327852899215,0.0023858722090017493,-0.003676573453206758,-0.0008922069624530747,271,26
H2 Flow x Post2020,primary_temporal,CI,digxpost,cluster,-0.0022843902078299163,0.0006225874743477546,25.0,-3.6691875470561417,0.0011525048970169357,-0.0035666331137104196,-0.001002147301949413,271,26
H2 Flow x Post2020,primary_temporal,CI,digxpost,cluster_hc1,-0.0022843902078299163,0.0006939764151162317,25.0,-3.291740407989675,0.002965118636327424,-0.0037136613894633193,-0.0008551190261965134,271,26
H2 Flow x Post2020,primary_temporal,CI,digxpost,cr2,-0.0022843902078299163,0.0007751890017299709,7.019482330277109,-2.946881602721268,0.021433888546742486,-0.0041163900944913515,-0.0004523903211684809,271,26
H2 Flow x Post2020,primary_temporal,CI,digxpost,wild_cluster_rademacher_null,-0.0022843902078299163,,,,0.004,,,271,26
H4a SW_stock -> ln network,primary_supplementary,lnNetworkCount_raw,z_FI_dig,conventional,-0.07453772732598254,0.017270078023783633,25.0,-4.316004086567084,0.00021932739705552172,-0.11010611882502236,-0.03896933582694273,271,26
H4a SW_stock -> ln network,primary_supplementary,lnNetworkCount_raw,z_FI_dig,cluster,-0.07453772732598254,0.021880733664808416,25.0,-3.4065460723496805,0.0022301490238275583,-0.11960194187118235,-0.029473512780782737,271,26
H4a SW_stock -> ln network,primary_supplementary,lnNetworkCount_raw,z_FI_dig,cluster_hc1,-0.07453772732598254,0.024229401714417797,25.0,-3.07633379497062,0.005022645726774691,-0.12443911426697277,-0.02463634038499233,271,26
H4a SW_stock -> ln network,primary_supplementary,lnNetworkCount_raw,z_FI_dig,cr2,-0.07453772732598254,0.024714838173715982,9.910983343617842,-3.015909989054785,0.013111607683843424,-0.1296729345152118,-0.019402520136753275,271,26
H4a SW_stock -> ln network,primary_supplementary,lnNetworkCount_raw,z_FI_dig,wild_cluster_rademacher_null,-0.07453772732598254,,,,0.083,,,271,26
H4a SW_delta -> ln network,secondary_supplementary,lnNetworkCount_raw,z_FI_dig,conventional,-0.055280232228117884,0.013868176672881084,25.0,-3.9861211413766577,0.0005134177687018489,-0.08384227674231039,-0.026718187713925385,271,26
H4a SW_delta -> ln network,secondary_supplementary,lnNetworkCount_raw,z_FI_dig,cluster,-0.055280232228117884,0.013266590019281528,25.0,-4.166875749365448,0.00032242087798876857,-0.08260328583640025,-0.027957178619835512,271,26
H4a SW_delta -> ln network,secondary_supplementary,lnNetworkCount_raw,z_FI_dig,cluster_hc1,-0.055280232228117884,0.01469061978824979,25.0,-3.7629611973439996,0.0009083294919279748,-0.08553613004585876,-0.025024334410377005,271,26
H4a SW_delta -> ln network,secondary_supplementary,lnNetworkCount_raw,z_FI_dig,cr2,-0.055280232228117884,0.016218414469229864,13.172173260734386,-3.408485603386043,0.004586310367869714,-0.09027148854368175,-0.020288975912554026,271,26
H4a SW_delta -> ln network,secondary_supplementary,lnNetworkCount_raw,z_FI_dig,wild_cluster_rademacher_null,-0.055280232228117884,,,,0.102,,,271,26
H5 SW_stock x BIG_it,primary_boundary,CI,DxBIG,conventional,-0.008353012482208702,0.0022798347679243874,25.0,-3.6638674871220913,0.0011681382145881918,-0.013048420080656337,-0.003657604883761067,271,26
H5 SW_stock x BIG_it,primary_boundary,CI,DxBIG,cluster,-0.008353012482208702,0.0030807262018035524,25.0,-2.711377751556951,0.011939359486987206,-0.014697886865300342,-0.0020081380991170605,271,26
H5 SW_stock x BIG_it,primary_boundary,CI,DxBIG,cluster_hc1,-0.008353012482208702,0.0034339774145345117,25.0,-2.4324599360654164,0.02249102001963628,-0.015425421356726608,-0.0012806036076907943,271,26
H5 SW_stock x BIG_it,primary_boundary,CI,DxBIG,cr2,-0.008353012482208702,0.003514232186160834,10.255065798944731,-2.376909674637649,0.038235221984136404,-0.016156891241516286,-0.0005491337229011186,271,26
H5 SW_stock x BIG_it,primary_boundary,CI,DxBIG,wild_cluster_rademacher_null,-0.008353012482208702,,,,0.005,,,271,26
H5 SW_stock x BIG_fixed_mean,robustness,CI,DxBIGfm,conventional,-0.0019061765738293992,0.0025332044182307346,25.0,-0.7524764129223845,0.4587917291287089,-0.007123408735180577,0.0033110555875217784,271,26
H5 SW_stock x BIG_fixed_mean,robustness,CI,DxBIGfm,cluster,-0.0019061765738293992,0.0037443752090456453,25.0,-0.5090773406533795,0.6151620135714198,-0.009617861672832581,0.005805508525173782,271,26
H5 SW_stock x BIG_fixed_mean,robustness,CI,DxBIGfm,cluster_hc1,-0.0019061765738293992,0.004164520308763363,25.0,-0.4577181601968056,0.651108283870006,-0.010483166703451598,0.006670813555792798,271,26
H5 SW_stock x BIG_fixed_mean,robustness,CI,DxBIGfm,cr2,-0.0019061765738293992,0.004371906290268151,5.572487762419163,-0.43600581697566165,0.6792123861377187,-0.012805972789055774,0.008993619641396975,271,26
H5 SW_stock x BIG_fixed_mean,robustness,CI,DxBIGfm,wild_cluster_rademacher_null,-0.0019061765738293992,,,,0.608,,,271,26
H5 SW_stock x BIG_2015,robustness,CI,DxBIGf15,conventional,-0.002878949428286784,0.0013083817958115167,25.0,-2.2003893951315114,0.03723840474872461,-0.005573612178481191,-0.00018428667809237704,271,26
H5 SW_stock x BIG_2015,robustness,CI,DxBIGf15,cluster,-0.002878949428286784,0.0017494729404912252,25.0,-1.6456095785502227,0.11236048285168902,-0.006482056396227132,0.0007241575396535636,271,26
H5 SW_stock x BIG_2015,robustness,CI,DxBIGf15,cluster_hc1,-0.002878949428286784,0.0019457760463499666,25.0,-1.4795893050936333,0.15147483618942115,-0.006886350210768421,0.001128451354194853,271,26
H5 SW_stock x BIG_2015,robustness,CI,DxBIGf15,cr2,-0.002878949428286784,0.002222436488669296,8.464721699273463,-1.2954023401634218,0.22939119404009972,-0.00795533242478609,0.0021974335682125234,271,26
H5 SW_stock x BIG_2015,robustness,CI,DxBIGf15,wild_cluster_rademacher_null,-0.002878949428286784,,,,0.328,,,271,26
H5 SW_stock x continuous lnTA,robustness,CI,FIxlnTA,conventional,-0.0029021987269191767,0.0005552274968105814,25.0,-5.227044308126684,2.0734748820267775e-05,-0.004045711162149275,-0.0017586862916890776,271,26
H5 SW_stock x continuous lnTA,robustness,CI,FIxlnTA,cluster,-0.0029021987269191767,0.0008360329147561612,25.0,-3.4713929029524357,0.0018966850812687022,-0.004624040746230199,-0.0011803567076081542,271,26
H5 SW_stock x continuous lnTA,robustness,CI,FIxlnTA,cluster_hc1,-0.0029021987269191767,0.0009298416579315141,25.0,-3.121175204577609,0.0045046555861842285,-0.004817243469385171,-0.0009871539844531825,271,26
H5 SW_stock x continuous lnTA,robustness,CI,FIxlnTA,cr2,-0.0029021987269191767,0.0009563208828900404,14.447041905335697,-3.034754106956877,0.008655335589381878,-0.004947364613222479,-0.0008570328406158744,271,26
H5 SW_stock x continuous lnTA,robustness,CI,FIxlnTA,wild_cluster_rademacher_null,-0.0029021987269191767,,,,0.01,,,271,26
H5 SW_delta x BIG_it,secondary_boundary,CI,DxBIG,conventional,-0.002578484039653403,0.0011141002332279936,25.0,-2.3144093886261063,0.029147954672904382,-0.0048730164216178925,-0.0002839516576889139,271,26
H5 SW_delta x BIG_it,secondary_boundary,CI,DxBIG,cluster,-0.002578484039653403,0.0008875678279287418,25.0,-2.9051121035680625,0.007575195075920855,-0.004406464199456148,-0.0007505038798506576,271,26
H5 SW_delta x BIG_it,secondary_boundary,CI,DxBIG,cluster_hc1,-0.002578484039653403,0.0009893407188183178,25.0,-2.6062649505957665,0.015206313950995231,-0.004616069391868385,-0.0005408986874384215,271,26
H5 SW_delta x BIG_it,secondary_boundary,CI,DxBIG,cr2,-0.002578484039653403,0.0010990251135600884,7.307845818478575,-2.346155704577925,0.04988193408387191,-0.005155236806911127,-1.7312723956794049e-06,271,26
H5 SW_delta x BIG_it,secondary_boundary,CI,DxBIG,wild_cluster_rademacher_null,-0.002578484039653403,,,,0.013,,,271,26
H5 SW_delta x BIG_fixed_mean,robustness,CI,DxBIGfm,conventional,-0.003940462963158781,0.0018045781897205895,25.0,-2.1835922575174753,0.03858843672569528,-0.007657061316346083,-0.0002238646099714781,271,26
H5 SW_delta x BIG_fixed_mean,robustness,CI,DxBIGfm,cluster,-0.003940462963158781,0.0015943481208105395,25.0,-2.4715198090838006,0.02061724123515632,-0.007224084384477853,-0.0006568415418397081,271,26
H5 SW_delta x BIG_fixed_mean,robustness,CI,DxBIGfm,cluster_hc1,-0.003940462963158781,0.0017732451364152952,25.0,-2.2221761008884684,0.03555090782116972,-0.007592529685088355,-0.0002883962412292061,271,26
H5 SW_delta x BIG_fixed_mean,robustness,CI,DxBIGfm,cr2,-0.003940462963158781,0.0020237007815594576,7.078556210151396,-1.947156911271375,0.09209465869854556,-0.008715010367760435,0.0008340844414428733,271,26
H5 SW_delta x BIG_fixed_mean,robustness,CI,DxBIGfm,wild_cluster_rademacher_null,-0.003940462963158781,,,,0.022,,,271,26
H5 SW_delta x BIG_2015,robustness,CI,DxBIGf15,conventional,-0.005499515654616154,0.0014362991155240173,25.0,-3.828948716305321,0.000767731015711201,-0.008457629056323326,-0.0025414022529089827,271,26
H5 SW_delta x BIG_2015,robustness,CI,DxBIGf15,cluster,-0.005499515654616154,0.0016526398962105435,25.0,-3.327715654950838,0.0027126607958175594,-0.008903191234679971,-0.002095840074552337,271,26
H5 SW_delta x BIG_2015,robustness,CI,DxBIGf15,cluster_hc1,-0.005499515654616154,0.0018380776569118355,25.0,-2.9919930934016796,0.006155412701244594,-0.009285107451980521,-0.001713923857251786,271,26
H5 SW_delta x BIG_2015,robustness,CI,DxBIGf15,cr2,-0.005499515654616154,0.002105309052473513,7.956093128405893,-2.612212989895622,0.031167239321151903,-0.010359034535807037,-0.0006399967734252712,271,26
H5 SW_delta x BIG_2015,robustness,CI,DxBIGf15,wild_cluster_rademacher_null,-0.005499515654616154,,,,0.013,,,271,26
H5 SW_delta x continuous lnTA,robustness,CI,FIxlnTA,conventional,-0.0016412178751695292,0.0003100601434655476,25.0,-5.293224265542834,1.7484895225168817e-05,-0.002279798694309042,-0.0010026370560300166,271,26
H5 SW_delta x continuous lnTA,robustness,CI,FIxlnTA,cluster,-0.0016412178751695292,0.00042438817037738965,25.0,-3.8672564169497625,0.0006961713637835122,-0.0025152616733941967,-0.0007671740769448617,271,26
H5 SW_delta x continuous lnTA,robustness,CI,FIxlnTA,cluster_hc1,-0.0016412178751695292,0.00047200749274964565,25.0,-3.477101318050552,0.0018697707360869522,-0.0026133355036758454,-0.000669100246663213,271,26
H5 SW_delta x continuous lnTA,robustness,CI,FIxlnTA,cr2,-0.0016412178751695292,0.0004996479573524848,12.718936526207951,-3.2847484934511706,0.006076159769391167,-0.0027230714265419867,-0.0005593643237970717,271,26
H5 SW_delta x continuous lnTA,robustness,CI,FIxlnTA,wild_cluster_rademacher_null,-0.0016412178751695292,,,,0.001,,,271,26
H5 CASA x BIG_it,benchmark_boundary,CI,DxBIG,conventional,-0.001141816385182736,0.0005579196925769184,25.0,-2.0465604644799624,0.05135256579889314,-0.002290873501385165,7.240731019693284e-06,273,26
H5 CASA x BIG_it,benchmark_boundary,CI,DxBIG,cluster,-0.001141816385182736,0.0006288370165861325,25.0,-1.815758861304788,0.08142069193211711,-0.0024369304642402386,0.0001532976938747666,273,26
H5 CASA x BIG_it,benchmark_boundary,CI,DxBIG,cluster_hc1,-0.001141816385182736,0.0007004413828398864,25.0,-1.6301383858179939,0.1156087623103108,-0.0025844024170853116,0.0003007696467198398,273,26
H5 CASA x BIG_it,benchmark_boundary,CI,DxBIG,cr2,-0.001141816385182736,0.000743025949308986,21.220554568917493,-1.5367113170739526,0.139141505183135,-0.0026860461287452285,0.00040241335837975676,273,26
H5 CASA x BIG_it,benchmark_boundary,CI,DxBIG,wild_cluster_rademacher_null,-0.001141816385182736,,,,0.119,,,273,26
H5 CASA x BIG_fixed_mean,robustness,CI,DxBIGfm,conventional,-0.0005066704470785652,0.0007980074418296463,25.0,-0.6349194512733957,0.5312493979912383,-0.0021501975389107532,0.001136856644753623,273,26
H5 CASA x BIG_fixed_mean,robustness,CI,DxBIGfm,cluster,-0.0005066704470785652,0.0006190721509770347,25.0,-0.8184352119198475,0.4208418278385627,-0.001781673408951676,0.0007683325147945456,273,26
H5 CASA x BIG_fixed_mean,robustness,CI,DxBIGfm,cluster_hc1,-0.0005066704470785652,0.0006880573653894424,25.0,-0.7363782041513186,0.468354648311762,-0.001923751117603982,0.0009104102234468515,273,26
H5 CASA x BIG_fixed_mean,robustness,CI,DxBIGfm,cr2,-0.0005066704470785652,0.0007176524022595967,18.557070756084695,-0.7060109399526362,0.4889509321794503,-0.002011164439844038,0.0009978235456869077,273,26
H5 CASA x BIG_fixed_mean,robustness,CI,DxBIGfm,wild_cluster_rademacher_null,-0.0005066704470785652,,,,0.442,,,273,26
H5 CASA x BIG_2015,robustness,CI,DxBIGf15,conventional,-0.0009802700290427648,0.0007901139575958324,25.0,-1.2406691713503473,0.22624535405463947,-0.002607540185779863,0.0006470001276943334,273,26
H5 CASA x BIG_2015,robustness,CI,DxBIGf15,cluster,-0.0009802700290427648,0.0006675017702407519,25.0,-1.4685654371960766,0.1544218777792025,-0.002355015658884665,0.0003944756007991351,273,26
H5 CASA x BIG_2015,robustness,CI,DxBIGf15,cluster_hc1,-0.0009802700290427648,0.0007418836539485656,25.0,-1.321325822216763,0.1983588158260663,-0.0025082080160073192,0.0005476679579217896,273,26
H5 CASA x BIG_2015,robustness,CI,DxBIGf15,cr2,-0.0009802700290427648,0.0007920701614490135,13.301698545700255,-1.237605046564888,0.23726407379291975,-0.00268749665741731,0.0007269565993317806,273,26
H5 CASA x BIG_2015,robustness,CI,DxBIGf15,wild_cluster_rademacher_null,-0.0009802700290427648,,,,0.114,,,273,26
H5 CASA x continuous lnTA,robustness,CI,FIxlnTA,conventional,-0.0004483542420700663,0.00021046148016375484,25.0,-2.130338728594007,0.04316481923037929,-0.0008818077743368421,-1.4900709803290508e-05,273,26
H5 CASA x continuous lnTA,robustness,CI,FIxlnTA,cluster,-0.0004483542420700663,0.00020719020645588917,25.0,-2.163974107364582,0.04022092446864881,-0.0008750704600188845,-2.1638024121248115e-05,273,26
H5 CASA x continuous lnTA,robustness,CI,FIxlnTA,cluster_hc1,-0.0004483542420700663,0.00023027808206772677,25.0,-1.9470122299272992,0.06285096600674707,-0.0009226208299426366,2.5912345802503987e-05,273,26
H5 CASA x continuous lnTA,robustness,CI,FIxlnTA,cr2,-0.0004483542420700663,0.0002490791241122524,12.336501818669175,-1.8000474494522738,0.09633931240734707,-0.000989413769611213,9.270528547108042e-05,273,26
H5 CASA x continuous lnTA,robustness,CI,FIxlnTA,wild_cluster_rademacher_null,-0.0004483542420700663,,,,0.056,,,273,26
