Mã,Tên công ty,gross_end,year,gross_begin,SW_stock,SW_delta
ABB,Ngân hàng An Bình,186283.0,2014,184883.0,186283.0,1400.0
ABB,Ngân hàng An Bình,193808.0,2015,186283.0,193808.0,7525.0
ABB,Ngân hàng An Bình,203578.0,2016,193808.0,203578.0,9770.0
ABB,Ngân hàng An Bình,223878.0,2017,203578.0,223878.0,20300.0
ABB,Ngân hàng An Bình,302543.0,2018,223878.0,302543.0,78665.0
ABB,Ngân hàng An Bình,363838.0,2019,302543.0,363838.0,61295.0
ABB,Ngân hàng An Bình,393585.0,2020,363838.0,393585.0,29747.0
ABB,Ngân hàng An Bình,410369.0,2021,393585.0,410369.0,16784.0
ABB,Ngân hàng An Bình,452772.0,2022,410369.0,452772.0,42403.0
ABB,Ngân hàng An Bình,497688.0,2023,452772.0,497688.0,44916.0
ABB,Ngân hàng An Bình,521741.0,2024,497688.0,521741.0,24053.0
ABB,Ngân hàng An Bình,544841.0,2025,521741.0,544841.0,23100.0
ACB,ACB,324307.0,2014,176926.0,324307.0,147381.0
ACB,ACB,357928.0,2015,324307.0,357928.0,33621.0
ACB,ACB,428105.0,2016,357928.0,428105.0,70177.0
ACB,ACB,447559.0,2017,428105.0,447559.0,19454.0
ACB,ACB,526382.0,2018,447559.0,526382.0,78823.0
ACB,ACB,592512.0,2019,526382.0,592512.0,66130.0
ACB,ACB,676176.0,2020,592512.0,676176.0,83664.0
ACB,ACB,723927.0,2021,676176.0,723927.0,47751.0
ACB,ACB,835179.0,2022,723927.0,835179.0,111252.0
ACB,ACB,949476.0,2023,835179.0,949476.0,114297.0
ACB,ACB,1107472.0,2024,949476.0,1107472.0,157996.0
ACB,ACB,1290183.0,2025,1107472.0,1290183.0,182711.0
AGRB,Agribank,817870.0,2014,823963.0,817870.0,-6093.0
AGRB,Agribank,834641.0,2015,817870.0,834641.0,16771.0
AGRB,Agribank,1073778.0,2016,834641.0,1073778.0,239137.0
AGRB,Agribank,1103143.0,2017,1073778.0,1103143.0,29365.0
AGRB,Agribank,1109511.0,2018,1103143.0,1109511.0,6368.0
AGRB,Agribank,1288786.0,2019,1109511.0,1288786.0,179275.0
AGRB,Agribank,1365853.0,2020,1288786.0,1365853.0,77067.0
AGRB,Agribank,1373952.0,2021,1365853.0,1373952.0,8099.0
AGRB,Agribank,1382202.0,2022,1373952.0,1382202.0,8250.0
AGRB,Agribank,1646074.0,2023,1382202.0,1646074.0,263872.0
AGRB,Agribank,1732305.0,2024,1646074.0,1732305.0,86231.0
AGRB,Agribank,1697810.0,2025,1732305.0,1697810.0,-34495.0
BAB,Ngân hàng Bắc Á,60.098,2014,59.303,60.098,0.7950000000000017
BAB,Ngân hàng Bắc Á,60.098,2015,60.098,60.098,0.0
BAB,Ngân hàng Bắc Á,69.766,2016,60.098,69.766,9.668000000000006
BAB,Ngân hàng Bắc Á,76.003,2017,69.766,76.003,6.236999999999995
BAB,Ngân hàng Bắc Á,80.205,2018,76.003,80.205,4.201999999999998
BAB,Ngân hàng Bắc Á,87.34,2019,80.205,87.34,7.135000000000005
BAB,Ngân hàng Bắc Á,94.825,2020,87.34,94.825,7.484999999999999
BAB,Ngân hàng Bắc Á,109.544,2021,94.825,109.544,14.718999999999994
BAB,Ngân hàng Bắc Á,117.294,2022,109.544,117.294,7.75
BAB,Ngân hàng Bắc Á,154.574,2023,117.294,154.574,37.280000000000015
BAB,Ngân hàng Bắc Á,170.536,2024,154.574,170.536,15.961999999999989
BAB,Ngân hàng Bắc Á,172.414,2025,170.536,172.414,1.877999999999986
BAOVIETBAN,Ngân hàng Bảo Việt,,2014,,,
BAOVIETBAN,Ngân hàng Bảo Việt,69969.0,2015,69585.0,69969.0,384.0
BAOVIETBAN,Ngân hàng Bảo Việt,69969.0,2016,69969.0,69969.0,0.0
BAOVIETBAN,Ngân hàng Bảo Việt,69969.0,2017,69969.0,69969.0,0.0
BAOVIETBAN,Ngân hàng Bảo Việt,73396.0,2018,69969.0,73396.0,3427.0
BAOVIETBAN,Ngân hàng Bảo Việt,92004.0,2019,73396.0,92004.0,18608.0
BAOVIETBAN,Ngân hàng Bảo Việt,92004.0,2020,92004.0,92004.0,0.0
BAOVIETBAN,Ngân hàng Bảo Việt,93889.0,2021,92004.0,93889.0,1885.0
BAOVIETBAN,Ngân hàng Bảo Việt,92306.0,2022,93889.0,92306.0,-1583.0
BAOVIETBAN,Ngân hàng Bảo Việt,108424.0,2023,92306.0,108424.0,16118.0
BAOVIETBAN,Ngân hàng Bảo Việt,108424.0,2024,108424.0,108424.0,0.0
BAOVIETBAN,Ngân hàng Bảo Việt,113424.0,2025,108424.0,113424.0,5000.0
BID,BIDV,617525.0,2014,541727.0,617525.0,75798.0
BID,BIDV,971212.0,2015,617525.0,971212.0,353687.0
BID,BIDV,1311347.0,2016,971212.0,1311347.0,340135.0
BID,BIDV,1429810.0,2017,1311347.0,1429810.0,118463.0
BID,BIDV,1526653.0,2018,1422214.0,1526653.0,104439.0
BID,BIDV,1606808.0,2019,1526653.0,1606808.0,80155.0
BID,BIDV,1654829.0,2020,1606808.0,1654829.0,48021.0
BID,BIDV,1941744.0,2021,1654829.0,1941744.0,286915.0
BID,BIDV,2185898.0,2022,1941744.0,2185898.0,244154.0
BID,BIDV,2301868.0,2023,2185898.0,2301868.0,115970.0
BID,BIDV,3168238.0,2024,2301868.0,3168238.0,866370.0
BID,BIDV,3443718.0,2025,3168238.0,3443718.0,275480.0
BVB,Ngân hàng Bản Việt - BVBank,92363.0,2014,77277.0,92363.0,15086.0
BVB,Ngân hàng Bản Việt - BVBank,110819.0,2015,92363.0,110819.0,18456.0
BVB,Ngân hàng Bản Việt - BVBank,117794.0,2016,110819.0,117794.0,6975.0
BVB,Ngân hàng Bản Việt - BVBank,141601.0,2017,117794.0,141601.0,23807.0
BVB,Ngân hàng Bản Việt - BVBank,145349.0,2018,141601.0,145349.0,3748.0
BVB,Ngân hàng Bản Việt - BVBank,219651.0,2019,145349.0,219651.0,74302.0
BVB,Ngân hàng Bản Việt - BVBank,252783.0,2020,219651.0,252783.0,33132.0
BVB,Ngân hàng Bản Việt - BVBank,300862.0,2021,252783.0,300862.0,48079.0
BVB,Ngân hàng Bản Việt - BVBank,321276.0,2022,300862.0,321276.0,20414.0
BVB,Ngân hàng Bản Việt - BVBank,353816.0,2023,321276.0,353816.0,32540.0
BVB,Ngân hàng Bản Việt - BVBank,384366.0,2024,353816.0,384366.0,30550.0
BVB,Ngân hàng Bản Việt - BVBank,403372.0,2025,384366.0,403372.0,19006.0
CTG,VietinBank,867529.0,2014,635340.0,867529.0,232189.0
CTG,VietinBank,872095.0,2015,890478.0,872095.0,-18383.0
CTG,VietinBank,888254.0,2016,872095.0,888254.0,16159.0
CTG,VietinBank,1824424.0,2017,888254.0,1824424.0,936170.0
CTG,VietinBank,1942646.0,2018,1824424.0,1942646.0,118222.0
CTG,VietinBank,2211079.0,2019,1942646.0,2211079.0,268433.0
CTG,VietinBank,2344478.0,2020,2211079.0,2344478.0,133399.0
CTG,VietinBank,2509092.0,2021,2344478.0,2509092.0,164614.0
CTG,VietinBank,2665355.0,2022,2509092.0,2665355.0,156263.0
CTG,VietinBank,2684421.0,2023,2665355.0,2684421.0,19066.0
CTG,VietinBank,2767424.0,2024,2684421.0,2767424.0,83003.0
CTG,VietinBank,3209661.0,2025,2767424.0,3209661.0,442237.0
EIB,Eximbank,132495.0,2014,128100.0,132495.0,4395.0
EIB,Eximbank,147837.0,2015,132495.0,147837.0,15342.0
EIB,Eximbank,160405.0,2016,147837.0,160405.0,12568.0
EIB,Eximbank,169936.0,2017,160405.0,169936.0,9531.0
EIB,Eximbank,451823.0,2018,169936.0,451823.0,281887.0
EIB,Eximbank,469471.0,2019,451823.0,469471.0,17648.0
EIB,Eximbank,491794.0,2020,469471.0,491794.0,22323.0
EIB,Eximbank,514474.0,2021,491794.0,514474.0,22680.0
EIB,Eximbank,518454.0,2022,514474.0,518454.0,3980.0
EIB,Eximbank,572711.0,2023,518454.0,572711.0,54257.0
EIB,Eximbank,722565.0,2024,572711.0,722565.0,149854.0
EIB,Eximbank,839751.0,2025,722565.0,839751.0,117186.0
HDB,HDBank,158812.0,2014,140413.0,158812.0,18399.0
HDB,HDBank,179793.0,2015,158813.0,179793.0,20980.0
HDB,HDBank,181223.0,2016,179793.0,181223.0,1430.0
HDB,HDBank,193208.0,2017,181223.0,193208.0,11985.0
HDB,HDBank,200159.0,2018,193208.0,200159.0,6951.0
HDB,HDBank,214820.0,2019,200159.0,214820.0,14661.0
HDB,HDBank,320924.0,2020,214820.0,320924.0,106104.0
HDB,HDBank,333129.0,2021,320924.0,333129.0,12205.0
HDB,HDBank,357930.0,2022,333129.0,357930.0,24801.0
HDB,HDBank,427194.0,2023,357930.0,427194.0,69264.0
HDB,HDBank,562727.0,2024,427194.0,562727.0,135533.0
HDB,HDBank,663687.0,2025,562727.0,663687.0,100960.0
IVNB,Indovina Bank,1618316.0,2014,1427948.0,1618316.0,190368.0
IVNB,Indovina Bank,2239307.0,2015,1618316.0,2239307.0,620991.0
IVNB,Indovina Bank,2234908.0,2016,2239306.0,2234908.0,-4398.0
IVNB,Indovina Bank,2378381.0,2017,2234908.0,2378381.0,143473.0
IVNB,Indovina Bank,2636830.0,2018,2378381.0,2636830.0,258449.0
IVNB,Indovina Bank,3113230.0,2019,2636831.0,3113230.0,476399.0
IVNB,Indovina Bank,4024643.0,2020,3113230.0,4024643.0,911413.0
IVNB,Indovina Bank,4024643.0,2021,4024643.0,4024643.0,0.0
IVNB,Indovina Bank,4040675.0,2022,4024643.0,4040675.0,16032.0
IVNB,Indovina Bank,4840757.0,2023,3978503.0,4840757.0,862254.0
IVNB,Indovina Bank,5278070.0,2024,4840757.0,5278070.0,437313.0
IVNB,Indovina Bank,5362802.0,2025,5278070.0,5362802.0,84732.0
KLB,KienlongBank,50472.0,2014,41694.0,50472.0,8778.0
KLB,KienlongBank,52994.0,2015,50472.0,52994.0,2522.0
KLB,KienlongBank,53750.0,2016,52994.0,53750.0,756.0
KLB,KienlongBank,62175.0,2017,53751.0,62175.0,8424.0
KLB,KienlongBank,68257.0,2018,62175.0,68257.0,6082.0
KLB,KienlongBank,90123.0,2019,68257.0,90123.0,21866.0
KLB,KienlongBank,90611.0,2020,90123.0,90611.0,488.0
KLB,KienlongBank,98250.0,2021,90611.0,98250.0,7639.0
KLB,KienlongBank,114325.0,2022,98250.0,114325.0,16075.0
KLB,KienlongBank,148559.0,2023,114325.0,148559.0,34234.0
KLB,KienlongBank,227825.0,2024,148559.0,227825.0,79266.0
KLB,KienlongBank,229825.0,2025,227825.0,229825.0,2000.0
LPB,LPBank,,2014,,,
LPB,LPBank,,2015,,,
LPB,LPBank,114343.0,2016,114262.0,114343.0,81.0
LPB,LPBank,160828.0,2017,114343.0,160828.0,46485.0
LPB,LPBank,203950.0,2018,160828.0,203950.0,43122.0
LPB,LPBank,220762.0,2019,203950.0,220762.0,16812.0
LPB,LPBank,251945.0,2020,220762.0,251945.0,31183.0
LPB,LPBank,262760.0,2021,251945.0,262760.0,10815.0
LPB,LPBank,269167.0,2022,262760.0,269167.0,6407.0
LPB,LPBank,371819.0,2023,269167.0,371819.0,102652.0
LPB,LPBank,634205.0,2024,371819.0,634205.0,262386.0
LPB,LPBank,839103.0,2025,634205.0,839103.0,204898.0
MBB,MBBank,266069.0,2014,253353.0,266069.0,12716.0
MBB,MBBank,363495.0,2015,266069.0,363495.0,97426.0
MBB,MBBank,436531.0,2016,363495.0,436531.0,73036.0
MBB,MBBank,621885.0,2017,436531.0,621885.0,185354.0
MBB,MBBank,743180.0,2018,621885.0,743180.0,121295.0
MBB,MBBank,872307.0,2019,743180.0,872307.0,129127.0
MBB,MBBank,1169487.0,2020,872307.0,1169487.0,297180.0
MBB,MBBank,1811224.0,2021,1169487.0,1811224.0,641737.0
MBB,MBBank,2439978.0,2022,1811224.0,2439978.0,628754.0
MBB,MBBank,3020072.0,2023,2439978.0,3020072.0,580094.0
MBB,MBBank,3798646.0,2024,3020072.0,3798646.0,778574.0
MBB,MBBank,4473644.0,2025,3798646.0,4473644.0,674998.0
MSB,MSB Bank,,2014,,,
MSB,MSB Bank,290298.0,2015,173090.0,290298.0,117208.0
MSB,MSB Bank,300234.0,2016,290298.0,300234.0,9936.0
MSB,MSB Bank,348850.0,2017,300234.0,348850.0,48616.0
MSB,MSB Bank,399067.0,2018,348850.0,399067.0,50217.0
MSB,MSB Bank,433920.0,2019,399067.0,433920.0,34853.0
MSB,MSB Bank,398808.0,2020,433920.0,398808.0,-35112.0
MSB,MSB Bank,444085.0,2021,398808.0,444085.0,45277.0
MSB,MSB Bank,546134.0,2022,444085.0,546134.0,102049.0
MSB,MSB Bank,556624.0,2023,546134.0,556624.0,10490.0
MSB,MSB Bank,574675.0,2024,556624.0,574675.0,18051.0
MSB,MSB Bank,617831.0,2025,574675.0,617831.0,43156.0
NAB,Ngân hàng Nam Á,,2014,,,
NAB,Ngân hàng Nam Á,,2015,,,
NAB,Ngân hàng Nam Á,76461.0,2016,76461.0,76461.0,0.0
NAB,Ngân hàng Nam Á,,2017,,,
NAB,Ngân hàng Nam Á,141573.0,2018,140936.0,141573.0,637.0
NAB,Ngân hàng Nam Á,141573.0,2019,141573.0,141573.0,0.0
NAB,Ngân hàng Nam Á,154928.0,2020,141573.0,154928.0,13355.0
NAB,Ngân hàng Nam Á,154928.0,2021,154928.0,154928.0,0.0
NAB,Ngân hàng Nam Á,174388.0,2022,154928.0,174388.0,19460.0
NAB,Ngân hàng Nam Á,182474.0,2023,174388.0,182474.0,8086.0
NAB,Ngân hàng Nam Á,193642.0,2024,182474.0,193642.0,11168.0
NAB,Ngân hàng Nam Á,204937.0,2025,193642.0,204937.0,11295.0
NVB,Ngân hàng Quốc Dân,23085.0,2014,22636.0,23085.0,449.0
NVB,Ngân hàng Quốc Dân,33911.0,2015,23085.0,33911.0,10826.0
NVB,Ngân hàng Quốc Dân,45088.0,2016,33911.0,45088.0,11177.0
NVB,Ngân hàng Quốc Dân,49393.0,2017,45088.0,49393.0,4305.0
NVB,Ngân hàng Quốc Dân,57859.0,2018,49393.0,57859.0,8466.0
NVB,Ngân hàng Quốc Dân,59404.0,2019,57859.0,59404.0,1545.0
NVB,Ngân hàng Quốc Dân,69555.0,2020,59404.0,69555.0,10151.0
NVB,Ngân hàng Quốc Dân,72493.0,2021,69555.0,72493.0,2938.0
NVB,Ngân hàng Quốc Dân,85143.0,2022,72493.0,85143.0,12650.0
NVB,Ngân hàng Quốc Dân,141253.0,2023,85143.0,141253.0,56110.0
NVB,Ngân hàng Quốc Dân,182706.0,2024,141253.0,182706.0,41453.0
NVB,Ngân hàng Quốc Dân,221645.0,2025,182706.0,221645.0,38939.0
OCB,Ngân hàng Phương Đông,,2014,,,
OCB,Ngân hàng Phương Đông,,2015,,,
OCB,Ngân hàng Phương Đông,136028.0,2016,120860.0,136028.0,15168.0
OCB,Ngân hàng Phương Đông,167230.0,2017,136028.0,167230.0,31202.0
OCB,Ngân hàng Phương Đông,210191.0,2018,167230.0,210191.0,42961.0
OCB,Ngân hàng Phương Đông,282866.0,2019,210191.0,282866.0,72675.0
OCB,Ngân hàng Phương Đông,312870.0,2020,282866.0,312870.0,30004.0
OCB,Ngân hàng Phương Đông,346348.0,2021,312870.0,346348.0,33478.0
OCB,Ngân hàng Phương Đông,402758.0,2022,346348.0,402758.0,56410.0
OCB,Ngân hàng Phương Đông,426898.0,2023,402758.0,426898.0,24140.0
OCB,Ngân hàng Phương Đông,497805.0,2024,426898.0,497805.0,70907.0
OCB,Ngân hàng Phương Đông,541634.0,2025,497805.0,541634.0,43829.0
PCB,PVcomBank,,2014,,,
PCB,PVcomBank,,2015,,,
PCB,PVcomBank,,2016,,,
PCB,PVcomBank,,2017,,,
PCB,PVcomBank,168974.0,2018,162699.0,168974.0,6275.0
PCB,PVcomBank,213282.0,2019,168974.0,213282.0,44308.0
PCB,PVcomBank,239963.0,2020,213282.0,239963.0,26681.0
PCB,PVcomBank,284861.0,2021,239963.0,284861.0,44898.0
PCB,PVcomBank,297860.0,2022,284861.0,297860.0,12999.0
PCB,PVcomBank,285269.0,2023,297860.0,285269.0,-12591.0
PCB,PVcomBank,345794.0,2024,285269.0,345794.0,60525.0
PCB,PVcomBank,370103.0,2025,345794.0,370103.0,24309.0
PGB,PG Bank,49457.0,2014,43815.0,49457.0,5642.0
PGB,PG Bank,52668.0,2015,49457.0,52668.0,3211.0
PGB,PG Bank,52668.0,2016,52668.0,52668.0,0.0
PGB,PG Bank,56061.0,2017,52668.0,56061.0,3393.0
PGB,PG Bank,58009.0,2018,56061.0,58009.0,1948.0
PGB,PG Bank,58609.0,2019,58009.0,58609.0,600.0
PGB,PG Bank,58609.0,2020,58609.0,58609.0,0.0
PGB,PG Bank,70457.0,2021,58609.0,70457.0,11848.0
PGB,PG Bank,83841.0,2022,70457.0,83841.0,13384.0
PGB,PG Bank,90913.0,2023,83841.0,90913.0,7072.0
PGB,PG Bank,96451.0,2024,90913.0,96451.0,5538.0
PGB,PG Bank,115887.0,2025,96451.0,115887.0,19436.0
SGB,Sài Gòn Công thương,44914.0,2014,44914.0,44914.0,0.0
SGB,Sài Gòn Công thương,,2015,,,
SGB,Sài Gòn Công thương,46807.0,2016,44914.0,46807.0,1893.0
SGB,Sài Gòn Công thương,46807.0,2017,46807.0,46807.0,0.0
SGB,Sài Gòn Công thương,48256.0,2018,46807.0,48256.0,1449.0
SGB,Sài Gòn Công thương,50123.0,2019,48256.0,50123.0,1867.0
SGB,Sài Gòn Công thương,50123.0,2020,50123.0,50123.0,0.0
SGB,Sài Gòn Công thương,51928.0,2021,50123.0,51928.0,1805.0
SGB,Sài Gòn Công thương,57986.0,2022,51928.0,57986.0,6058.0
SGB,Sài Gòn Công thương,61748.0,2023,57986.0,61748.0,3762.0
SGB,Sài Gòn Công thương,68363.0,2024,61748.0,68363.0,6615.0
SGB,Sài Gòn Công thương,73932.0,2025,68363.0,73932.0,5569.0
SHB,SHB,179022.0,2014,198494.0,179022.0,-19472.0
SHB,SHB,183424.0,2015,179022.0,183424.0,4402.0
SHB,SHB,207848.0,2016,183424.0,207848.0,24424.0
SHB,SHB,211811.0,2017,207848.0,211811.0,3963.0
SHB,SHB,219319.0,2018,211811.0,219319.0,7508.0
SHB,SHB,278157.0,2019,219319.0,278157.0,58838.0
SHB,SHB,314512.0,2020,278157.0,314512.0,36355.0
SHB,SHB,373793.0,2021,314512.0,373793.0,59281.0
SHB,SHB,401253.0,2022,373793.0,401253.0,27460.0
SHB,SHB,442555.0,2023,401253.0,442555.0,41302.0
SHB,SHB,480604.0,2024,442555.0,480604.0,38049.0
SHB,SHB,735970.0,2025,480604.0,735970.0,255366.0
SSB,SeABank,,2014,,,
SSB,SeABank,,2015,,,
SSB,SeABank,165980.0,2016,143971.0,165980.0,22009.0
SSB,SeABank,242951.0,2017,174927.0,242951.0,68024.0
SSB,SeABank,274958.0,2018,242951.0,274958.0,32007.0
SSB,SeABank,300881.0,2019,274958.0,300881.0,25923.0
SSB,SeABank,348815.0,2020,300881.0,348815.0,47934.0
SSB,SeABank,371507.0,2021,348816.0,371507.0,22691.0
SSB,SeABank,456580.0,2022,371507.0,456580.0,85073.0
SSB,SeABank,558122.0,2023,456580.0,558122.0,101542.0
SSB,SeABank,609020.0,2024,558122.0,609020.0,50898.0
SSB,SeABank,795340.0,2025,609018.0,795340.0,186322.0
STB,NH Sài Gòn Tài Lộc (SACOMBANK),554416.0,2014,510629.0,554416.0,43787.0
STB,NH Sài Gòn Tài Lộc (SACOMBANK),738349.0,2015,554416.0,738349.0,183933.0
STB,NH Sài Gòn Tài Lộc (SACOMBANK),801302.0,2016,738349.0,801302.0,62953.0
STB,NH Sài Gòn Tài Lộc (SACOMBANK),859674.0,2017,801302.0,859674.0,58372.0
STB,NH Sài Gòn Tài Lộc (SACOMBANK),959957.0,2018,859674.0,959957.0,100283.0
STB,NH Sài Gòn Tài Lộc (SACOMBANK),1230582.0,2019,959957.0,1230582.0,270625.0
STB,NH Sài Gòn Tài Lộc (SACOMBANK),1611305.0,2020,1230582.0,1611305.0,380723.0
STB,NH Sài Gòn Tài Lộc (SACOMBANK),1790062.0,2021,1611305.0,1790062.0,178757.0
STB,NH Sài Gòn Tài Lộc (SACOMBANK),1903229.0,2022,1790062.0,1903229.0,113167.0
STB,NH Sài Gòn Tài Lộc (SACOMBANK),2143860.0,2023,1903229.0,2143860.0,240631.0
STB,NH Sài Gòn Tài Lộc (SACOMBANK),2387927.0,2024,2143860.0,2387927.0,244067.0
STB,NH Sài Gòn Tài Lộc (SACOMBANK),2511858.0,2025,2387927.0,2511858.0,123931.0
TCB,Techcombank,597067.0,2014,502955.0,597067.0,94112.0
TCB,Techcombank,642073.0,2015,597067.0,642073.0,45006.0
TCB,Techcombank,802879.0,2016,641837.0,802879.0,161042.0
TCB,Techcombank,828990.0,2017,802879.0,828990.0,26111.0
TCB,Techcombank,887850.0,2018,828990.0,887850.0,58860.0
TCB,Techcombank,1016803.0,2019,887850.0,1016803.0,128953.0
TCB,Techcombank,1296198.0,2020,1016803.0,1296198.0,279395.0
TCB,Techcombank,1906692.0,2021,1296198.0,1906692.0,610494.0
TCB,Techcombank,3265918.0,2022,1906692.0,3265918.0,1359226.0
TCB,Techcombank,4547852.0,2023,3265918.0,4547852.0,1281934.0
TCB,Techcombank,6514231.0,2024,4547852.0,6514231.0,1966379.0
TCB,Techcombank,7561174.0,2025,6514231.0,7561174.0,1046943.0
TPB,TPBank,,2014,,,
TPB,TPBank,81705.0,2015,59378.0,81705.0,22327.0
TPB,TPBank,103947.0,2016,81705.0,103947.0,22242.0
TPB,TPBank,162708.0,2017,103947.0,162708.0,58761.0
TPB,TPBank,212497.0,2018,162708.0,212497.0,49789.0
TPB,TPBank,370895.0,2019,212497.0,370895.0,158398.0
TPB,TPBank,483915.0,2020,370895.0,483915.0,113020.0
TPB,TPBank,620296.0,2021,483915.0,620296.0,136381.0
TPB,TPBank,750811.0,2022,620296.0,750811.0,130515.0
TPB,TPBank,886455.0,2023,750811.0,886455.0,135644.0
TPB,TPBank,1027747.0,2024,886455.0,1027747.0,141292.0
TPB,TPBank,1203852.0,2025,1027747.0,1203852.0,176105.0
VAB,Ngân hàng Việt Á,73280.0,2014,73280.0,73280.0,0.0
VAB,Ngân hàng Việt Á,94525.0,2015,73280.0,94525.0,21245.0
VAB,Ngân hàng Việt Á,94525.0,2016,94525.0,94525.0,0.0
VAB,Ngân hàng Việt Á,94584.0,2017,94525.0,94584.0,59.0
VAB,Ngân hàng Việt Á,94584.0,2018,94584.0,94584.0,0.0
VAB,Ngân hàng Việt Á,,2019,,,
VAB,Ngân hàng Việt Á,113053.0,2020,98184.0,113053.0,14869.0
VAB,Ngân hàng Việt Á,114495.0,2021,113053.0,114495.0,1442.0
VAB,Ngân hàng Việt Á,128623.0,2022,114495.0,128623.0,14128.0
VAB,Ngân hàng Việt Á,131216.0,2023,128623.0,131216.0,2593.0
VAB,Ngân hàng Việt Á,134150.0,2024,131216.0,134150.0,2934.0
VAB,Ngân hàng Việt Á,136826.0,2025,134150.0,136826.0,2676.0
VBB,VietBank,,2014,,,
VBB,VietBank,,2015,,,
VBB,VietBank,,2016,,,
VBB,VietBank,56862.0,2017,51167.0,56862.0,5695.0
VBB,VietBank,73504.0,2018,56862.0,73504.0,16642.0
VBB,VietBank,217390.0,2019,73504.0,217390.0,143886.0
VBB,VietBank,317577.0,2020,217390.0,317577.0,100187.0
VBB,VietBank,325628.0,2021,317577.0,325628.0,8051.0
VBB,VietBank,325628.0,2022,325628.0,325628.0,0.0
VBB,VietBank,339379.0,2023,325628.0,339379.0,13751.0
VBB,VietBank,341969.0,2024,339379.0,341969.0,2590.0
VBB,VietBank,346318.0,2025,341969.0,346318.0,4349.0
VCB,Vietcombank,475173.0,2014,454538.0,475173.0,20635.0
VCB,Vietcombank,477772.0,2015,475173.0,477772.0,2599.0
VCB,Vietcombank,541970.0,2016,477772.0,541970.0,64198.0
VCB,Vietcombank,590462.0,2017,541970.0,590462.0,48492.0
VCB,Vietcombank,602318.0,2018,590462.0,602318.0,11856.0
VCB,Vietcombank,827249.0,2019,602318.0,827249.0,224931.0
VCB,Vietcombank,1664031.0,2020,827249.0,1664031.0,836782.0
VCB,Vietcombank,2070943.0,2021,1664031.0,2070943.0,406912.0
VCB,Vietcombank,2232088.0,2022,2070943.0,2232088.0,161145.0
VCB,Vietcombank,2323910.0,2023,2232088.0,2323910.0,91822.0
VCB,Vietcombank,2479388.0,2024,2323910.0,2479388.0,155478.0
VCB,Vietcombank,2754936.0,2025,2479388.0,2754936.0,275548.0
VIB,VIBBank,208422.0,2014,180477.0,208422.0,27945.0
VIB,VIBBank,226009.0,2015,208422.0,226009.0,17587.0
VIB,VIBBank,298578.0,2016,226009.0,298578.0,72569.0
VIB,VIBBank,277425.0,2017,298578.0,277425.0,-21153.0
VIB,VIBBank,314645.0,2018,277425.0,314645.0,37220.0
VIB,VIBBank,330456.0,2019,314645.0,330456.0,15811.0
VIB,VIBBank,363123.0,2020,330455.0,363123.0,32668.0
VIB,VIBBank,576025.0,2021,363123.0,576025.0,212902.0
VIB,VIBBank,626078.0,2022,576025.0,626078.0,50053.0
VIB,VIBBank,687609.0,2023,626078.0,687609.0,61531.0
VIB,VIBBank,769785.0,2024,687609.0,769785.0,82176.0
VIB,VIBBank,836257.0,2025,769785.0,836257.0,66472.0
VPB,VPBank,224353.0,2014,180074.0,224353.0,44279.0
VPB,VPBank,248925.0,2015,224353.0,248925.0,24572.0
VPB,VPBank,323702.0,2016,248925.0,323702.0,74777.0
VPB,VPBank,554079.0,2017,323702.0,554079.0,230377.0
VPB,VPBank,890142.0,2018,554079.0,890142.0,336063.0
VPB,VPBank,1033336.0,2019,890142.0,1033336.0,143194.0
VPB,VPBank,1286591.0,2020,1033336.0,1286591.0,253255.0
VPB,VPBank,1487276.0,2021,1286591.0,1487276.0,200685.0
VPB,VPBank,1644396.0,2022,1487276.0,1644396.0,157120.0
VPB,VPBank,1843421.0,2023,1644396.0,1843421.0,199025.0
VPB,VPBank,2021064.0,2024,1843421.0,2021064.0,177643.0
VPB,VPBank,2158054.0,2025,2021064.0,2158054.0,136990.0
