sample_mode,predictor,label,domain,test,outcome,coef,se_CR2,t,p_CR2,N,G,note
native,CASA,CASA,Baseline,CI baseline,CI,0.0016089657612872142,0.00039459608276194995,4.077500592568891,0.0004059302982240646,273,26,Franchise / transactional deposit structure
native,CASA,CASA,Temporal,X × Post2020,CI,-0.0005145894635639323,0.0003318244592264726,-1.5507882232777823,0.13352068001762116,273,26,
native,CASA,CASA,Temporal,Pre-2020 slope,CI,0.0019513209237539625,0.0004607933279005781,4.234698737163539,0.00027063239176265837,273,26,
native,CASA,CASA,Temporal,Post-2020 slope,CI,0.0014367314601900303,0.0004329382776357246,3.3185595601202533,0.0027748659965454643,273,26,
native,CASA,CASA,Cost reconfiguration,H4 absolute contrast,NonAssetMinusAsset_raw,0.0012726969403169092,0.0004650829816464437,2.736494325832834,0.011262826158486889,272,26,
native,CASA,CASA,Cost reconfiguration,H4 direct composition share,AssetCostShare_raw,-0.007673073269694966,0.009426107737794008,-0.814023506110561,0.4233176399819505,272,26,
native,CASA,CASA,Cost reconfiguration,H4 Staff component,Staff_raw,0.0005421742535899353,0.000284905099932242,1.9029994679592561,0.06861736231455996,272,26,
native,CASA,CASA,Cost reconfiguration,H4 AssetCost component,AssetCost_raw,0.00016830657187226814,0.00012338827019521252,1.3640402901020525,0.18471047111025482,272,26,
native,CASA,CASA,Cost reconfiguration,H4 Other component,Other_raw,0.0008988292585992415,0.0003540984552804222,2.5383597279107843,0.01774216490970599,272,26,
native,CASA,CASA,Physical network,ln(network count),lnNetwork,-0.05145324024103509,0.05684633538870882,-0.9051285344816626,0.3740379984582114,273,26,
native,CASA,CASA,Physical network,network/TA intensity,NetworkIntensity,-6.248205315196222,7.444386144297862,-0.8393177347446071,0.4092455831200218,273,26,
native,CASA,CASA,Scale,BIG bank-year interaction,CI,-0.0011418163851825555,0.0007430259493089857,-1.5367113170737106,0.13692510266323188,273,26,
native,CASA,CASA,Scale,Small-bank slope,CI,0.0023865137564116163,0.0005816619493207079,4.102922254410314,0.0003802091179465528,273,26,
native,CASA,CASA,Scale,Large-bank slope,CI,0.0012446973712290609,0.0006162666043977776,2.0197384741387903,0.05425125185365126,273,26,
native,CASA,CASA,Scale,BIG fixed mean,CI,-0.0005066704470783439,0.000717652402259529,-0.7060109399523944,0.4867090883387106,273,26,
native,CASA,CASA,Scale,BIG fixed 2015,CI,-0.0009802700290426013,0.0007920701614490597,-1.2376050465646096,0.2273606206724208,273,26,
native,CASA,CASA,Scale,Continuous lnTA interaction,CI,-0.000448354242070059,0.0002490791241122336,-1.8000474494523806,0.0839331805024439,273,26,
native,SW_delta,Software net change,Baseline,CI baseline,CI,0.0003944387155660614,0.0003091650074652828,1.2758194040130957,0.21374646686598534,271,26,Current-period net change in gross software value
native,SW_delta,Software net change,Temporal,X × Post2020,CI,-0.0022843902078300725,0.0007751890017300685,-2.9468816027210982,0.006857570517504024,271,26,
native,SW_delta,Software net change,Temporal,Pre-2020 slope,CI,0.0025951065544607484,0.0008564185512171503,3.030184891222356,0.005615112996440842,271,26,
native,SW_delta,Software net change,Temporal,Post-2020 slope,CI,0.00031071634663067593,0.00020772704884343404,1.4957914646198336,0.14722612309640903,271,26,
native,SW_delta,Software net change,Cost reconfiguration,H4 absolute contrast,NonAssetMinusAsset_raw,3.479599814865399e-05,0.00032035279544888746,0.10861774469580278,0.9143727901757578,270,26,
native,SW_delta,Software net change,Cost reconfiguration,H4 direct composition share,AssetCostShare_raw,0.009538597314767134,0.003266222617273579,2.9203757466872564,0.007305049291709091,270,26,
native,SW_delta,Software net change,Cost reconfiguration,H4 Staff component,Staff_raw,-0.0002415366243481041,0.00024144711185092747,-1.0003707333522875,0.3267160612192438,270,26,
native,SW_delta,Software net change,Cost reconfiguration,H4 AssetCost component,AssetCost_raw,0.00020908494548226204,4.018161161390626e-05,5.203498244204342,2.2032496731249207e-05,270,26,
native,SW_delta,Software net change,Cost reconfiguration,H4 Other component,Other_raw,0.00048541756797901997,0.00015512364044961748,3.1292301197423127,0.004417211761264033,270,26,
native,SW_delta,Software net change,Physical network,ln(network count),lnNetwork,-0.05528023222810943,0.01621841446923186,-3.4084856033851025,0.0022193957800453108,271,26,
native,SW_delta,Software net change,Physical network,network/TA intensity,NetworkIntensity,0.057701973940714746,3.1158070555135806,0.018519110109404283,0.9853717433910782,271,26,
native,SW_delta,Software net change,Scale,BIG bank-year interaction,CI,-0.00257848403965332,0.0010990251135598482,-2.346155704578362,0.027199867460440043,271,26,
native,SW_delta,Software net change,Scale,Small-bank slope,CI,0.0030569901484794903,0.0011306783869817272,2.7036778837171616,0.012154295242634564,271,26,
native,SW_delta,Software net change,Scale,Large-bank slope,CI,0.00047850610882617037,0.0003599832682045794,1.3292454152458946,0.1957708046957898,271,26,
native,SW_delta,Software net change,Scale,BIG fixed mean,CI,-0.003940462963159109,0.0020237007815595413,-1.9471569112714566,0.06283273267422601,271,26,
native,SW_delta,Software net change,Scale,BIG fixed 2015,CI,-0.005499515654616049,0.0021053090524736275,-2.6122129898954296,0.015001103539178655,271,26,
native,SW_delta,Software net change,Scale,Continuous lnTA interaction,CI,-0.0016412178751695193,0.0004996479573525302,-3.284748493450852,0.0030167556173513977,271,26,
native,SW_stock,Software stock,Baseline,CI baseline,CI,-0.0006088349012391585,0.0005222845610728911,-1.1657149121706247,0.2547313392338585,271,26,Accumulated software value / digital capital
native,SW_stock,Software stock,Temporal,X × Post2020,CI,-0.003000582926517842,0.0016318483953306339,-1.838763291433016,0.07785885044848914,271,26,
native,SW_stock,Software stock,Temporal,Pre-2020 slope,CI,0.0028040756288898404,0.0015133801352965248,1.8528561089778166,0.07574394248754787,271,26,
native,SW_stock,Software stock,Temporal,Post-2020 slope,CI,-0.00019650729762800152,0.0003800281151038785,-0.5170862097250025,0.6096408803550567,271,26,
native,SW_stock,Software stock,Cost reconfiguration,H4 absolute contrast,NonAssetMinusAsset_raw,-0.0009803346197790178,0.0003705629328994043,-2.6455280135780512,0.013898744552619339,270,26,
native,SW_stock,Software stock,Cost reconfiguration,H4 direct composition share,AssetCostShare_raw,0.01801851150259856,0.005887323909294222,3.060560584097136,0.00521807053335539,270,26,
native,SW_stock,Software stock,Cost reconfiguration,H4 Staff component,Staff_raw,-0.0009416979917110245,0.0002895029358824139,-3.25280981638649,0.00326389024438538,270,26,
native,SW_stock,Software stock,Cost reconfiguration,H4 AssetCost component,AssetCost_raw,0.000173455664758903,0.0001227390974387362,1.4132062918702935,0.1699256916503393,270,26,
native,SW_stock,Software stock,Cost reconfiguration,H4 Other component,Other_raw,0.00013481903669090972,0.0002543675542315921,0.5300166410695684,0.6007765940296365,270,26,
native,SW_stock,Software stock,Physical network,ln(network count),lnNetwork,-0.07453772732599123,0.024714838173714653,-3.0159099890552983,0.005811530362291956,271,26,
native,SW_stock,Software stock,Physical network,network/TA intensity,NetworkIntensity,2.840128131390722,4.339933576823172,0.6544174193259643,0.5188185792006195,271,26,
native,SW_stock,Software stock,Scale,BIG bank-year interaction,CI,-0.008353012482209096,0.0035142321861600235,-2.376909674638309,0.02542700049921581,271,26,
native,SW_stock,Software stock,Scale,Small-bank slope,CI,0.008044482428094695,0.0035950166605682164,2.237675979733349,0.03439280097901399,271,26,
native,SW_stock,Software stock,Scale,Large-bank slope,CI,-0.00030853005411440003,0.0004466355870556249,-0.6907869929226554,0.49606382828385553,271,26,
native,SW_stock,Software stock,Scale,BIG fixed mean,CI,-0.0019061765738291733,0.0043719062902693555,-0.43600581697548985,0.6665744130245681,271,26,
native,SW_stock,Software stock,Scale,BIG fixed 2015,CI,-0.002878949428287066,0.0022224364886691507,-1.2954023401636334,0.2070159991565524,271,26,
native,SW_stock,Software stock,Scale,Continuous lnTA interaction,CI,-0.0029021987269191073,0.0009563208828900116,-3.0347541069568957,0.0055535947184770324,271,26,
common3,CASA,CASA,Baseline,CI baseline,CI,0.0016266569712588847,0.00040718285067515853,3.994905405671408,0.0005019681637082046,268,26,Franchise / transactional deposit structure
common3,CASA,CASA,Temporal,X × Post2020,CI,-0.0004260160901081824,0.0003158385957647564,-1.3488411353800744,0.18948008610165099,268,26,
common3,CASA,CASA,Temporal,Pre-2020 slope,CI,0.0019161564005154797,0.00047375199088209655,4.044640312640621,0.0004417429896751993,268,26,
common3,CASA,CASA,Temporal,Post-2020 slope,CI,0.0014901403104072973,0.00044110796200492124,3.3781759541004894,0.002393340941706906,268,26,
common3,CASA,CASA,Cost reconfiguration,H4 absolute contrast,NonAssetMinusAsset_raw,0.0012862446450810996,0.000484586588658532,2.6543133367387983,0.013620940848367008,267,26,
common3,CASA,CASA,Cost reconfiguration,H4 direct composition share,AssetCostShare_raw,-0.007830216722906886,0.009376254399055333,-0.8351113770650025,0.41156505972700075,267,26,
common3,CASA,CASA,Cost reconfiguration,H4 Staff component,Staff_raw,0.0005398533741600669,0.0002978413448647317,1.812553506986238,0.0819279564322868,267,26,
common3,CASA,CASA,Cost reconfiguration,H4 AssetCost component,AssetCost_raw,0.00016916768843464129,0.00012418028181107685,1.3622749599812196,0.1852595628286983,267,26,
common3,CASA,CASA,Cost reconfiguration,H4 Other component,Other_raw,0.000915558959355674,0.000364825071191336,2.5095834460222726,0.018931063091636606,267,26,
common3,CASA,CASA,Physical network,ln(network count),lnNetwork,-0.05105813690726302,0.05750117013719714,-0.8879495284259239,0.3830315648475743,268,26,
common3,CASA,CASA,Physical network,network/TA intensity,NetworkIntensity,-7.237411129892024,7.59843095637729,-0.9524875821655963,0.3499687879407136,268,26,
common3,CASA,CASA,Scale,BIG bank-year interaction,CI,-0.0011069344722878368,0.0006011305804479636,-1.8414209961884607,0.0774561492461453,268,26,
common3,CASA,CASA,Scale,Small-bank slope,CI,0.002335060257821505,0.0005237917177852603,4.457993852393851,0.0001518532302756813,268,26,
common3,CASA,CASA,Scale,Large-bank slope,CI,0.0012281257855336681,0.0006524021308138725,1.8824674652757183,0.07146166760440141,268,26,
common3,CASA,CASA,Scale,BIG fixed mean,CI,-0.00010523633682134022,0.000691879119845702,-0.15210220080757644,0.8803271904007871,268,26,
common3,CASA,CASA,Scale,BIG fixed 2015,CI,-0.00036620696931607597,0.0015560099448309588,-0.2353500185089497,0.8167487803616567,194,18,
common3,CASA,CASA,Scale,Continuous lnTA interaction,CI,-0.00039060478396802886,0.0002397099941976846,-1.6294889383957183,0.1157468137381705,268,26,
common3,SW_delta,Software net change,Baseline,CI baseline,CI,0.0003947860710535098,0.00030978844332665064,1.27437313934024,0.21425010266065553,268,26,Current-period net change in gross software value
common3,SW_delta,Software net change,Temporal,X × Post2020,CI,-0.0023298381290549185,0.0007746840093302708,-3.0074689821842435,0.0059307467398137395,268,26,
common3,SW_delta,Software net change,Temporal,Pre-2020 slope,CI,0.0026384569308180858,0.000848973511420089,3.1078200854638025,0.004653312097809332,268,26,
common3,SW_delta,Software net change,Temporal,Post-2020 slope,CI,0.00030861880176316723,0.00020707456044669295,1.4903752595076243,0.1486355429167539,268,26,
common3,SW_delta,Software net change,Cost reconfiguration,H4 absolute contrast,NonAssetMinusAsset_raw,3.948991025851746e-05,0.00031922430977559483,0.12370583645799936,0.9025374185041442,267,26,
common3,SW_delta,Software net change,Cost reconfiguration,H4 direct composition share,AssetCostShare_raw,0.009407237144946894,0.003274576797531743,2.8728100535121754,0.008178520942612906,267,26,
common3,SW_delta,Software net change,Cost reconfiguration,H4 Staff component,Staff_raw,-0.00024067976107095595,0.00024322221135773833,-0.9895468005467524,0.33187706733649913,267,26,
common3,SW_delta,Software net change,Cost reconfiguration,H4 AssetCost component,AssetCost_raw,0.000206896089920842,4.086784712541982e-05,5.062563958553924,3.170320390894762e-05,267,26,
common3,SW_delta,Software net change,Cost reconfiguration,H4 Other component,Other_raw,0.00048706576125031546,0.00015406700541126795,3.1613891627875637,0.004084073411965503,267,26,
common3,SW_delta,Software net change,Physical network,ln(network count),lnNetwork,-0.055122670769542526,0.013654531537554648,-4.036950708849751,0.0004505646065624965,268,26,
common3,SW_delta,Software net change,Physical network,network/TA intensity,NetworkIntensity,-0.11091158303792925,2.682943467991363,-0.041339515484075905,0.9673536203796913,268,26,
common3,SW_delta,Software net change,Scale,BIG bank-year interaction,CI,-0.0026431354415123614,0.0010352057750963768,-2.5532464222065294,0.01715470076539132,268,26,
common3,SW_delta,Software net change,Scale,Small-bank slope,CI,0.0031781436105593926,0.0010660905738208164,2.9811196990224587,0.0063180978978527105,268,26,
common3,SW_delta,Software net change,Scale,Large-bank slope,CI,0.0005350081690470312,0.00035253196646062784,1.5176160460523316,0.14165636784075125,268,26,
common3,SW_delta,Software net change,Scale,BIG fixed mean,CI,-0.0014592307733745993,0.0014264752407759961,-1.022962566515199,0.31612295691447406,268,26,
common3,SW_delta,Software net change,Scale,BIG fixed 2015,CI,-0.005483231189729227,0.003067839175506616,-1.7873268043210704,0.09172623880251829,194,18,
common3,SW_delta,Software net change,Scale,Continuous lnTA interaction,CI,-0.0016894570590909972,0.000515582660220812,-3.27679185015152,0.0030765749692597917,268,26,
common3,SW_stock,Software stock,Baseline,CI baseline,CI,-0.000630074566962861,0.0005417450198461309,-1.1630463481543734,0.2557923241909056,268,26,Accumulated software value / digital capital
common3,SW_stock,Software stock,Temporal,X × Post2020,CI,-0.003024924477835802,0.0016241373259198095,-1.8624807333472708,0.07432830719039807,268,26,
common3,SW_stock,Software stock,Temporal,Pre-2020 slope,CI,0.0028158216937478487,0.0014991510969012425,1.8782774461948333,0.07205454419838019,268,26,
common3,SW_stock,Software stock,Temporal,Post-2020 slope,CI,-0.0002091027840879535,0.0003964334062797719,-0.5274600494701625,0.6025243269808374,268,26,
common3,SW_stock,Software stock,Cost reconfiguration,H4 absolute contrast,NonAssetMinusAsset_raw,-0.0009871924871400666,0.00038081329720778743,-2.5923267238260688,0.015697498417194665,267,26,
common3,SW_stock,Software stock,Cost reconfiguration,H4 direct composition share,AssetCostShare_raw,0.017820165222864583,0.0059361700360092634,3.0019634065005034,0.006009759513550679,267,26,
common3,SW_stock,Software stock,Cost reconfiguration,H4 Staff component,Staff_raw,-0.0009611635839895162,0.00029689175465235837,-3.2374209419018,0.003389837141123435,267,26,
common3,SW_stock,Software stock,Cost reconfiguration,H4 AssetCost component,AssetCost_raw,0.00016523183957116045,0.0001270230832656437,1.3008016757521992,0.20518928393560093,267,26,
common3,SW_stock,Software stock,Cost reconfiguration,H4 Other component,Other_raw,0.00013920293642061016,0.00025892846889344606,0.5376115535518606,0.595598958655983,267,26,
common3,SW_stock,Software stock,Physical network,ln(network count),lnNetwork,-0.06949682029179287,0.020212801760641937,-3.438257650511174,0.002060517893420392,268,26,
common3,SW_stock,Software stock,Physical network,network/TA intensity,NetworkIntensity,3.2049839016466954,3.7837983049476684,0.8470282090501179,0.40501533661306177,268,26,
common3,SW_stock,Software stock,Scale,BIG bank-year interaction,CI,-0.006020966614305478,0.003410196447966567,-1.7655776452103402,0.08967941844933179,268,26,
common3,SW_stock,Software stock,Scale,Small-bank slope,CI,0.005797252407029833,0.003521351471820837,1.6463146190948563,0.11221429124333983,268,26,
common3,SW_stock,Software stock,Scale,Large-bank slope,CI,-0.0002237142072756453,0.0004663166073140194,-0.47974745862952994,0.6355775864543444,268,26,
common3,SW_stock,Software stock,Scale,BIG fixed mean,CI,0.0020023673278136258,0.002269223180101766,0.8824021124814296,0.38596554235230507,268,26,
common3,SW_stock,Software stock,Scale,BIG fixed 2015,CI,-0.004060629763101942,0.0024490333579414558,-1.658054084863556,0.1156426653116743,194,18,
common3,SW_stock,Software stock,Scale,Continuous lnTA interaction,CI,-0.0029284429894320535,0.0009629451223233844,-3.0411317545971213,0.005468805276116556,268,26,
